{"cameraMode":{"drawMode":0,"name":"Shaded","section":"Shading Mode"},"sceneLighting":true,"audioPlay":false,"sceneViewState":{"showFog":true,"showMaterialUpdate":true,"showSkybox":true,"showFlares":true,"showImageEffects":true,"showParticleSystems":true},"in2DMode":false,"pivot":{"x":-5.8923492431640629,"y":2.1484375,"z":-4.14990234375},"rotation":{"x":0.7676827311515808,"y":-0.008521663956344128,"z":0.008968943729996682,"w":0.6409788131713867},"size":20.43158721923828,"orthographic":true}